Перчатки;Production;Ok;Перчатки;sz;2023-02-07;2025-02-07;;Production;
Перчатки;Production;Ok;Перчатки;sz;2023-02-07;2025-02-07;;Production;
Перчатки;Production;Ok;Перчатки;sz;2023-02-07;2025-02-07;;Production;
Перчатки;Production;Ok;Перчатки;sz;2023-02-07;2025-02-07;;Production;
Перчатки;Production;Ok;Перчатки;sz;2023-02-07;2025-02-07;;Production;
Зимние ботинки;Production;Ok;Зимние ботинки;sz;2023-02-16;2023-02-16;44;Production;
Летние ботинки;Production;Ok;Летние ботинки;sz;2023-03-24;2024-03-24;40;Production;
Летняя спецодежда;Production;Ok;Летняя спецодежда;sz;2023-03-24;2024-03-24;46/167;Production;
Зимняя спецодежда;Production;Ok;Зимняя спецодежда;sz;2024-01-11;2027-01-11;44;Production;
Зимние ботинки;Production;Ok;Зимние ботинки;sz;2023-02-16;2023-02-16;43;Production;
Летние ботинки;Production;Ok;Летние ботинки;sz;2023-03-24;2024-03-24;43;Production;
Летняя спецодежда;Production;Ok;Летняя спецодежда;sz;2023-03-24;2024-03-24;54/182;Production;
Зимняя спецодежда;Production;Ok;Зимняя спецодежда;sz;2023-02-16;2023-02-16;54;Production;
Зимняя спецодежда;Production;Ok;Зимняя спецодежда;sz;2024-01-11;2027-01-11;54;Production;
Зимние ботинки;Production;Ok;Зимние ботинки;sz;2023-02-16;2023-02-16;45;Production;
Летние ботинки;Production;Ok;Летние ботинки;sz;2023-03-24;2024-03-24;45;Production;
Летняя спецодежда;Production;Ok;Летняя спецодежда;sz;2023-03-24;2024-03-24;54/182;Production;
Летняя спецодежда;Production;Ok;Летняя спецодежда;sz;2023-03-24;2024-03-24;52/175;Production;
Зимние ботинки;Production;Ok;Зимние ботинки;sz;2023-02-17;2023-02-17;;Production;
Летние ботинки;Production;Ok;Летние ботинки;sz;2023-03-24;2024-03-24;43;Production;
Зимняя спецодежда;Production;Ok;Зимняя спецодежда;sz;2023-02-17;2023-02-17;;Production;
Зимняя спецодежда;Production;Ok;Зимняя спецодежда;sz;2023-02-17;2023-02-17;;Production;
Летняя спецодежда;Production;Ok;Летняя спецодежда;sz;2023-03-23;2024-03-23;56/170;Production;
Летние ботинки;Production;Ok;Летние ботинки;sz;2023-03-24;2024-03-24;42;Production;
Зимние ботинки;Production;Ok;Зимние ботинки;sz;2023-02-17;2023-02-17;43;Production;
Зимние ботинки;Production;Ok;Зимние ботинки;sz;2023-02-17;2023-02-17;;Production;
Летние ботинки;Production;Ok;Летние ботинки;sz;2023-03-24;2024-03-24;44;Production;
Зимняя спецодежда;Production;Ok;Зимняя спецодежда;sz;2023-02-20;2023-02-20;52;Production;
Летняя спецодежда;Production;Ok;Летняя спецодежда;sz;2023-03-24;2024-03-24;52/180;Production;
Летняя спецодежда;Production;Ok;Летняя спецодежда;sz;2023-03-24;2024-03-24;50;Production;
Летние ботинки;Production;Ok;Летние ботинки;sz;2023-03-24;2024-03-24;40;Production;
Зимние ботинки;Production;Ok;Зимние ботинки;sz;2023-02-20;2023-02-20;41;Production;
Зимняя спецодежда;Production;Ok;Зимняя спецодежда;sz;2023-02-20;2023-02-20;50;Production;
Летние ботинки;Production;Ok;Летние ботинки;sz;2023-02-21;2024-02-21;;Production;
Зимние ботинки;Production;Ok;Зимние ботинки;sz;2023-02-21;2023-02-21;;Production;
Зимняя спецодежда;Production;Ok;Зимняя спецодежда;sz;2024-01-11;2027-01-11;;Production;
Летняя спецодежда;Production;Ok;Летняя спецодежда;sz;2023-03-24;2024-03-24;48/175;Production;
Зимняя спецодежда;Production;Ok;Зимняя спецодежда;sz;2024-01-11;2027-01-11;48;Production;
Летняя спецодежда;Production;Ok;Летняя спецодежда;sz;2023-03-24;2024-03-24;48/178;Production;
Летние ботинки;Production;Ok;Летние ботинки;sz;2023-03-24;2024-03-24;42;Production;
Зимние ботинки;Production;Ok;Зимние ботинки;sz;2023-02-24;2023-02-24;;Production;
Зимняя спецодежда;Production;Ok;Зимняя спецодежда;sz;2023-02-27;2023-02-27;48;Production;
Летняя спецодежда;Production;Ok;Летняя спецодежда;sz;2022-08-22;2023-08-22;48;Production;
Зимние ботинки;Production;Ok;Зимние ботинки;sz;2023-02-27;2023-02-27;42;Production;
Летние ботинки;Production;Ok;Летние ботинки;sz;2022-08-22;2023-08-22;41;Production;
Очки;Production;Ok;Очки;sz;2023-03-27;2023-03-27;;Production;
Очки;Production;Ok;Очки;sz;2023-03-27;2023-03-27;;Production;
Очки;Production;Ok;Очки;sz;2023-03-27;2023-03-27;;Production;
Очки;Production;Ok;Очки;sz;2023-03-27;2023-03-27;;Production;
Очки;Production;Ok;Очки;sz;2023-03-27;2023-03-27;;Production;
Каска;Production;Ok;Каска;sz;2023-03-27;2023-03-27;;Production;
Каска;Production;Ok;Каска;sz;2023-03-27;2023-03-27;;Production;
Каска;Production;Ok;Каска;sz;2023-03-27;2023-03-27;;Production;
Каска;Production;Ok;Каска;sz;2023-03-27;2023-03-27;;Production;
Каска;Production;Ok;Каска;sz;2023-03-27;2023-03-27;;Production;
Летняя спецодежда;Production;Ok;Летняя спецодежда;sz;2023-03-24;2023-03-24;54/175;Production;
Летние ботинки;Production;Ok;Летние ботинки;sz;2023-03-24;2024-03-24;43;Production;
Летняя спецодежда;Production;Ok;Летняя спецодежда;sz;2023-03-24;2024-03-24;54/187;Production;
Летние ботинки;Production;Ok;Летние ботинки;sz;2023-03-24;2024-03-24;46;Production;
Летняя спецодежда;Production;Ok;Летняя спецодежда;sz;2023-03-15;2024-03-15;;Production;
Зимние ботинки;Production;Ok;Зимние ботинки;sz;2023-04-04;2023-04-04;47;Production;
Летние ботинки;Production;Ok;Летние ботинки;sz;2023-03-15;2024-03-15;;Production;
Летняя спецодежда;Production;Ok;Летняя спецодежда;sz;2022-11-01;2023-11-01;;Production;
Летние ботинки;Production;Ok;Летние ботинки;sz;2023-11-20;2024-11-20;;Production;
Зимние ботинки;Production;Ok;Зимние ботинки;sz;2022-11-01;2023-11-01;;Production;
Зимняя спецодежда;Production;Ok;Зимняя спецодежда;sz;2022-11-01;2023-11-01;;Production;
Летняя спецодежда;Production;Ok;Летняя спецодежда;sz;2023-11-22;2024-11-22;;Production;
Летние ботинки;Production;Ok;Летние ботинки;sz;2023-11-23;2024-11-23;41;Production;
Летняя спецодежда;Production;Ok;Летняя спецодежда;sz;2022-09-29;2023-09-29;;Production;
Летние ботинки;Production;Ok;Летние ботинки;sz;2022-09-29;2023-09-29;;Production;
Летняя спецодежда;Production;Ok;Летняя спецодежда;sz;2022-06-20;2023-06-20;;Production;
Летние ботинки;Production;Ok;Летние ботинки;sz;2022-06-20;2023-06-20;;Production;
Летние ботинки;Production;Ok;Летние ботинки;sz;2023-11-23;2024-11-23;42;Production;
Летняя спецодежда;Production;Ok;Летняя спецодежда;sz;2023-11-22;2024-11-22;;Production;
Летняя спецодежда;Production;Ok;Летняя спецодежда;sz;2023-11-22;2024-11-22;;Production;
Летние ботинки;Production;Ok;Летние ботинки;sz;2023-11-23;2024-11-23;43;Production;
Летняя спецодежда;Production;Ok;Летняя спецодежда;sz;2022-06-20;2023-06-20;;Production;
Летние ботинки;Production;Ok;Летние ботинки;sz;2022-06-20;2023-06-20;;Production;
Летняя спецодежда;Production;Ok;Летняя спецодежда;sz;2022-06-20;2023-06-20;;Production;
Летние ботинки;Production;Ok;Летние ботинки;sz;2022-06-20;2023-06-20;;Production;
Летняя спецодежда;Production;Ok;Летняя спецодежда;sz;2023-11-22;2024-11-22;;Production;
Летние ботинки;Production;Ok;Летние ботинки;sz;2023-11-23;2024-11-23;42;Production;
Летняя спецодежда;Production;Ok;Летняя спецодежда;sz;2023-11-22;2024-11-22;;Production;
Летние ботинки;Production;Ok;Летние ботинки;sz;2023-11-24;2024-11-24;43;Production;
Летние ботинки;Production;Ok;Летние ботинки;sz;2023-08-01;2024-08-01;42;Production;
Летняя спецодежда;Production;Ok;Летняя спецодежда;sz;2023-08-01;2024-08-01;54/177;Production;
Летние ботинки;Production;Ok;Летние ботинки;sz;2022-08-22;2023-08-22;;Production;
Летняя спецодежда;Production;Ok;Летняя спецодежда;sz;2022-08-22;2023-08-22;;Production;
Летние ботинки;Production;Ok;Летние ботинки;sz;2022-08-22;2023-08-22;;Production;
Летняя спецодежда;Production;Ok;Летняя спецодежда;sz;2022-08-22;2023-08-22;;Production;
Летняя спецодежда;Production;Ok;Летняя спецодежда;sz;2023-06-08;2024-06-08;;Production;
Летние ботинки;Production;Ok;Летние ботинки;sz;2023-06-08;2024-06-08;;Production;
Летние ботинки;Production;Ok;Летние ботинки;sz;2023-06-20;2024-06-20;40;Production;
Летние ботинки;Production;Ok;Летние ботинки;sz;2023-06-29;2024-06-29;;Production;
Летняя спецодежда;Production;Ok;Летняя спецодежда;sz;2023-06-26;2024-06-26;;Production;
Летняя спецодежда;Production;Ok;Летняя спецодежда;sz;2023-07-28;2024-07-28;56/177;Production;
Летние ботинки;Production;Ok;Летние ботинки;sz;2023-07-27;2024-07-27;43;Production;
Летняя спецодежда;Production;Ok;Летняя спецодежда;sz;2023-04-05;2024-04-05;48/184;Production;
Летние ботинки;Production;Ok;Летние ботинки;sz;2023-04-05;2024-04-05;43;Production;
Зимняя спецодежда;Production;Ok;Зимняя спецодежда;sz;2023-12-21;2026-12-21;;Production;
Зимние ботинки;Production;Ok;Зимние ботинки;sz;2023-12-21;2026-12-21;;Production;
Зимняя спецодежда;Production;Ok;Зимняя спецодежда;sz;2024-01-11;2027-01-11;;Production;
Летняя спецодежда;Production;Ok;Летняя спецодежда;sz;2024-04-22;2025-04-22;;Production;
Летняя спецодежда;Production;Ok;Летняя спецодежда;sz;2024-04-22;2025-04-22;;Production;
Летние ботинки;Production;Ok;Летние ботинки;sz;2024-04-22;2025-04-23;;Production;
Летние ботинки;Production;Ok;Летние ботинки;sz;2024-04-22;2025-04-23;;Production;
Летняя спецодежда;Production;Ok;Летняя спецодежда;sz;2024-04-22;2025-04-22;;Production;
Летние ботинки;Production;Ok;Летние ботинки;sz;2024-04-22;2025-04-23;;Production;
Летние ботинки;Production;Ok;Летние ботинки;sz;2023-08-28;2024-08-28;;Production;
Летняя спецодежда;Production;Ok;Летняя спецодежда;sz;2023-08-28;2024-08-28;;Production;
